District,Sown_Major_Schemes,Sown_Minor_Schemes,Sown_Rainfed,Sown_All_Schemes,Harvested_Major_Schemes,Harvested_Minor_Schemes,Harvested_Rainfed,Harvested_All_Schemes,Yield_Major_Schemes,Yield_Minor_Schemes,Yield_Rainfed,Yield_Average,Harvested_Hectares,Production_MT,Season,Year,Is_National
COLOMBO,256.0,558.0,2050.0,2864.0,256.0,558.0,2050.0,2864.0,3699.0,3496.0,3506.0,3521.0,2434.0,8571.0,Maha,2020.0,False
GAMPAHA,1544.0,3277.0,4893.0,9714.0,1461.0,3231.0,4871.0,9563.0,4423.0,4156.0,4240.0,4240.0,8128.0,34460.0,Maha,2020.0,False
KALUTARA,107.0,1304.0,8145.0,9556.0,107.0,1303.0,8080.0,9490.0,3644.0,3523.0,3660.0,3641.0,8756.0,31876.0,Maha,2020.0,False
KANDY,4201.0,4797.0,2006.0,11004.0,4200.0,4793.0,2000.0,10993.0,5777.0,3229.0,4432.0,4422.0,8694.0,38440.0,Maha,2020.0,False
MATALE,6877.0,7076.0,4505.0,18458.0,6846.0,7044.0,4496.0,18386.0,5415.0,5162.0,5406.0,5316.0,16534.0,87897.0,Maha,2020.0,False
NUWARAELIYA,420.0,1310.0,5.0,1735.0,420.0,1310.0,5.0,1735.0,3605.0,3607.0,4034.0,3608.0,977.0,3525.0,Maha,2020.0,False
GALLE,205.0,1448.0,6296.0,7949.0,205.0,1448.0,6286.0,7939.0,4000.0,3845.0,4011.0,3980.0,6213.0,24728.0,Maha,2020.0,False
MATARA,3898.0,2767.0,5081.0,11746.0,3855.0,2697.0,5044.0,11596.0,4628.0,3553.0,3498.0,3886.0,9155.0,35581.0,Maha,2020.0,False
HAMBANTOTA,28003.0,5827.0,1148.0,34978.0,27970.0,5821.0,1142.0,34933.0,6568.0,5478.0,3992.0,6302.0,30521.0,192353.0,Maha,2020.0,False
JAFFNA,0.0,0.0,10445.0,10445.0,0.0,0.0,10291.0,10291.0,0.0,0.0,3628.0,3628.0,9132.0,33135.0,Maha,2020.0,False
MANNAR,15289.0,3999.0,79.0,19367.0,15289.0,3999.0,79.0,19367.0,4880.0,4651.0,3447.0,4827.0,18492.0,89263.0,Maha,2020.0,False
VAVUNIYA,4366.0,12406.0,2469.0,19241.0,4360.0,12292.0,2465.0,19117.0,4699.0,5034.0,4982.0,4951.0,18036.0,89294.0,Maha,2020.0,False
MULATIVU,7579.0,4355.0,6325.0,18259.0,7579.0,4355.0,6325.0,18259.0,4711.0,4806.0,4452.0,4644.0,17228.0,80008.0,Maha,2020.0,False
KILLINOCHCHI,12088.0,553.0,14524.0,27165.0,12088.0,553.0,14524.0,27165.0,3778.0,3329.0,4505.0,4158.0,24106.0,100224.0,Maha,2020.0,False
BATTICALOA,24476.0,3811.0,38709.0,66996.0,20161.0,3518.0,37565.0,61244.0,3824.0,4059.0,3735.0,3783.0,54055.0,204489.0,Maha,2020.0,False
AMPARA,59732.0,4448.0,15237.0,79417.0,58060.0,4123.0,14611.0,76794.0,4986.0,3965.0,4107.0,4764.0,73392.0,349626.0,Maha,2020.0,False
TRINCOMALEE,20399.0,6887.0,10999.0,38285.0,20399.0,6887.0,10999.0,38285.0,4752.0,4418.0,3647.0,4375.0,35567.0,155592.0,Maha,2020.0,False
KURUNEGALA,17945.0,37748.0,26785.0,82478.0,17871.0,37501.0,26639.0,82011.0,5733.0,4748.0,4036.0,4732.0,82011.0,388043.0,Maha,2020.0,False
PUTTALAM,7905.0,11022.0,1637.0,20564.0,7359.0,10718.0,1511.0,19588.0,4711.0,4629.0,4526.0,4652.0,16649.0,77449.0,Maha,2020.0,False
ANURADHAPURA,54056.0,52287.0,12559.0,118902.0,53756.0,52058.0,12514.0,118328.0,6215.0,5118.0,4716.0,5574.0,95148.0,530356.0,Maha,2020.0,False
POLONNARUWA,56959.0,7431.0,2626.0,67016.0,56734.0,7326.0,2534.0,66594.0,5341.0,6272.0,4305.0,5404.0,58909.0,318352.0,Maha,2020.0,False
BADULLA,10572.0,9730.0,5339.0,25641.0,10572.0,9730.0,5339.0,25641.0,4501.0,4532.0,3986.0,4405.0,21795.0,96017.0,Maha,2020.0,False
MONARAGALA,8963.0,10888.0,14505.0,34356.0,8619.0,10721.0,14313.0,33653.0,6324.0,4688.0,3955.0,4796.0,32981.0,158159.0,Maha,2020.0,False
RATNAPURA,3904.0,4716.0,2136.0,10756.0,3902.0,4708.0,2127.0,10737.0,6096.0,4781.0,3964.0,5097.0,9127.0,46521.0,Maha,2020.0,False
KEGALLE,0.0,1559.0,3797.0,5356.0,0.0,1553.0,3785.0,5338.0,0.0,4167.0,4718.0,4558.0,5001.0,22793.0,Maha,2020.0,False
SRI LANKA,349744.0,200204.0,202300.0,752248.0,342069.0,198247.0,199595.0,739911.0,4883.0,4385.0,4139.0,4531.0,663041.0,3196752.0,Maha,2020.0,True
COLOMBO,319.0,586.0,2314.0,3219.0,319.0,586.0,2314.0,3219.0,3060.0,4134.0,3095.0,3281.0,2736.0,8976.0,Yala,2020.0,False
GAMPAHA,1768.0,3545.0,5131.0,10444.0,1655.0,3429.0,4916.0,10000.0,3980.0,3491.0,3233.0,3445.0,8500.0,29283.0,Yala,2020.0,False
KALUTARA,167.0,1588.0,9898.0,11653.0,167.0,1571.0,9854.0,11592.0,3643.0,3175.0,3409.0,3380.0,10694.0,36149.0,Yala,2020.0,False
KANDY,3703.0,3059.0,2075.0,8837.0,3700.0,3047.0,2056.0,8803.0,5370.0,3046.0,3374.0,4099.0,6961.0,28536.0,Yala,2020.0,False
MATALE,5076.0,2759.0,386.0,8221.0,5076.0,2751.0,382.0,8209.0,5396.0,4487.0,4169.0,5034.0,7382.0,37161.0,Yala,2020.0,False
NUWARAELIYA,824.0,3579.0,3.0,4406.0,824.0,3579.0,3.0,4406.0,6174.0,4131.0,2439.0,4512.0,2483.0,11201.0,Yala,2020.0,False
GALLE,299.0,2080.0,9172.0,11551.0,293.0,1949.0,8673.0,10915.0,2221.0,3050.0,2810.0,2837.0,8542.0,24233.0,Yala,2020.0,False
MATARA,4348.0,3282.0,6283.0,13913.0,4168.0,3213.0,6118.0,13499.0,3855.0,3491.0,3425.0,3573.0,10658.0,38084.0,Yala,2020.0,False
HAMBANTOTA,28626.0,4574.0,967.0,34167.0,28624.0,4570.0,967.0,34161.0,6207.0,5132.0,3474.0,5986.0,29846.0,178647.0,Yala,2020.0,False
JAFFNA,0.0,0.0,0.0,0.0,0.0,0.0,0.0,0.0,0.0,0.0,0.0,0.0,0.0,0.0,Yala,2020.0,False
MANNAR,1594.0,16.0,0.0,1610.0,1594.0,16.0,0.0,1610.0,5390.0,3543.0,0.0,5372.0,1537.0,8259.0,Yala,2020.0,False
VAVUNIYA,392.0,1077.0,4.0,1473.0,392.0,1076.0,4.0,1472.0,6294.0,5246.0,3124.0,5520.0,1388.0,7663.0,Yala,2020.0,False
MULATIVU,4392.0,1069.0,0.0,5461.0,4392.0,1069.0,0.0,5461.0,5312.0,4468.0,0.0,5147.0,5152.0,26514.0,Yala,2020.0,False
KILLINOCHCHI,9963.0,71.0,0.0,10034.0,9963.0,71.0,0.0,10034.0,5268.0,2695.0,0.0,5250.0,8904.0,46742.0,Yala,2020.0,False
BATTICALOA,22466.0,4491.0,1998.0,28955.0,22466.0,4479.0,1998.0,28943.0,4523.0,4794.0,4774.0,4582.0,25545.0,117059.0,Yala,2020.0,False
AMPARA,58634.0,2253.0,408.0,61295.0,58169.0,2131.0,408.0,60708.0,5017.0,4843.0,3796.0,5003.0,58018.0,290263.0,Yala,2020.0,False
TRINCOMALEE,18500.0,3344.0,268.0,22112.0,18500.0,3344.0,268.0,22112.0,5475.0,4304.0,3010.0,5268.0,20542.0,108222.0,Yala,2020.0,False
KURUNEGALA,13933.0,25135.0,19059.0,58127.0,13894.0,24293.0,18344.0,56531.0,4954.0,4348.0,4039.0,4397.0,56531.0,248546.0,Yala,2020.0,False
PUTTALAM,7067.0,7094.0,1021.0,15182.0,6970.0,6505.0,788.0,14263.0,4818.0,3934.0,3526.0,4343.0,12123.0,52656.0,Yala,2020.0,False
ANURADHAPURA,28235.0,10721.0,378.0,39334.0,28198.0,10685.0,375.0,39258.0,5181.0,4326.0,3828.0,4936.0,31567.0,155805.0,Yala,2020.0,False
POLONNARUWA,56805.0,5568.0,0.0,62373.0,56805.0,5342.0,0.0,62147.0,5238.0,5313.0,0.0,5244.0,54975.0,288314.0,Yala,2020.0,False
BADULLA,7869.0,3782.0,12.0,11663.0,7868.0,3759.0,12.0,11639.0,5317.0,4255.0,4556.0,4973.0,9893.0,49200.0,Yala,2020.0,False
MONARAGALA,7733.0,5943.0,724.0,14400.0,7691.0,5806.0,688.0,14185.0,5294.0,4646.0,3089.0,4922.0,13902.0,68422.0,Yala,2020.0,False
RATNAPURA,3953.0,5188.0,2321.0,11462.0,3931.0,5113.0,2280.0,11324.0,6073.0,3696.0,3109.0,4403.0,9626.0,42382.0,Yala,2020.0,False
KEGALLE,0.0,1749.0,4565.0,6314.0,0.0,1730.0,4522.0,6252.0,0.0,3816.0,3699.0,3731.0,5857.0,21855.0,Yala,2020.0,False
SRI LANKA,286666.0,102553.0,66987.0,456206.0,285659.0,100114.0,64970.0,450743.0,4959.0,4098.0,3499.0,4552.0,403362.0,1924172.0,Yala,2020.0,True
COLOMBO,324.0,710.0,2796.0,3830.0,324.0,710.0,2777.0,3811.0,3321.0,2236.0,2500.0,2521.0,3239.0,8166.0,Maha,2021.0,False
GAMPAHA,1659.0,3076.0,6776.0,11511.0,1556.0,3036.0,6610.0,11202.0,2056.0,2671.0,3105.0,2842.0,9522.0,27059.0,Maha,2021.0,False
KALUTARA,145.0,1573.0,10221.0,11939.0,129.0,1544.0,9893.0,11566.0,3716.0,2341.0,2583.0,2563.0,10669.0,27349.0,Maha,2021.0,False
KANDY,4268.0,5181.0,2762.0,12211.0,4268.0,5176.0,2757.0,12201.0,3092.0,3190.0,3540.0,3235.0,9649.0,31211.0,Maha,2021.0,False
MATALE,7628.0,7839.0,4525.0,19992.0,7593.0,7815.0,4512.0,19920.0,3089.0,3601.0,3304.0,3339.0,17914.0,59812.0,Maha,2021.0,False
NUWARAELIYA,900.0,4133.0,11.0,5044.0,900.0,4126.0,8.0,5034.0,4652.0,3763.0,3870.0,3922.0,2836.0,11126.0,Maha,2021.0,False
GALLE,144.0,1756.0,9335.0,11235.0,144.0,1706.0,9071.0,10921.0,2653.0,2825.0,2453.0,2514.0,8546.0,21486.0,Maha,2021.0,False
MATARA,4259.0,3193.0,6233.0,13685.0,4105.0,2963.0,6110.0,13178.0,3149.0,2625.0,2573.0,2764.0,10404.0,28761.0,Maha,2021.0,False
HAMBANTOTA,29498.0,5463.0,1143.0,36104.0,29438.0,5438.0,1131.0,36007.0,4144.0,3180.0,3202.0,3969.0,31459.0,124870.0,Maha,2021.0,False
JAFFNA,0.0,0.0,11127.0,11127.0,0.0,0.0,7775.0,7775.0,0.0,0.0,2176.0,2176.0,6899.0,15013.0,Maha,2021.0,False
MANNAR,16114.0,4257.0,95.0,20466.0,15995.0,4094.0,82.0,20171.0,2702.0,2534.0,1304.0,2662.0,19259.0,51276.0,Maha,2021.0,False
VAVUNIYA,4432.0,12374.0,2053.0,18859.0,4432.0,12374.0,2053.0,18859.0,2524.0,2377.0,2020.0,2373.0,17793.0,42222.0,Maha,2021.0,False
MULATIVU,8095.0,4462.0,7433.0,19990.0,8013.0,4411.0,7404.0,19828.0,2267.0,2619.0,2158.0,2305.0,18707.0,43110.0,Maha,2021.0,False
KILLINOCHCHI,12171.0,577.0,14655.0,27403.0,12171.0,577.0,14655.0,27403.0,2847.0,2791.0,2172.0,2485.0,24317.0,60417.0,Maha,2021.0,False
BATTICALOA,24312.0,3830.0,38378.0,66520.0,24312.0,3830.0,38378.0,66520.0,1918.0,1717.0,1456.0,1639.0,58711.0,96253.0,Maha,2021.0,False
AMPARA,61692.0,4643.0,16107.0,82442.0,61535.0,4612.0,15083.0,81230.0,3046.0,2680.0,2141.0,2857.0,77631.0,221529.0,Maha,2021.0,False
TRINCOMALEE,21078.0,7495.0,11077.0,39650.0,21071.0,7490.0,11068.0,39629.0,3199.0,2482.0,1762.0,2662.0,36815.0,98005.0,Maha,2021.0,False
KURUNEGALA,17608.0,37541.0,26305.0,81454.0,17562.0,37171.0,25876.0,80609.0,3405.0,3060.0,3353.0,3229.0,80609.0,260302.0,Maha,2021.0,False
PUTTALAM,8316.0,10591.0,2023.0,20930.0,7836.0,9793.0,1849.0,19478.0,2490.0,2281.0,2803.0,2415.0,16557.0,39985.0,Maha,2021.0,False
ANURADHAPURA,52690.0,50615.0,13664.0,116969.0,52616.0,50328.0,13621.0,116565.0,3132.0,2698.0,2525.0,2873.0,93730.0,260448.0,Maha,2021.0,False
POLONNARUWA,57364.0,6768.0,2404.0,66536.0,57364.0,6768.0,2404.0,66536.0,3175.0,2701.0,2506.0,3103.0,58858.0,182628.0,Maha,2021.0,False
BADULLA,10490.0,8761.0,4944.0,24195.0,10490.0,8751.0,4944.0,24185.0,2830.0,3456.0,2686.0,3027.0,20557.0,62221.0,Maha,2021.0,False
MONARAGALA,8708.0,10660.0,14993.0,34361.0,8693.0,10552.0,14943.0,34188.0,3957.0,3129.0,2321.0,2987.0,33504.0,100062.0,Maha,2021.0,False
RATNAPURA,4168.0,5886.0,3038.0,13092.0,4164.0,5857.0,3020.0,13041.0,4524.0,2897.0,2676.0,3365.0,11085.0,37299.0,Maha,2021.0,False
KEGALLE,0.0,1784.0,4517.0,6301.0,0.0,1779.0,4512.0,6291.0,0.0,3395.0,3540.0,3499.0,5894.0,20620.0,Maha,2021.0,False
SRI LANKA,356063.0,203168.0,216615.0,775846.0,354711.0,200901.0,210536.0,766148.0,3126.0,2802.0,2589.0,2853.0,685164.0,1931230.0,Maha,2021.0,True
COLOMBO,286.0,327.0,1908.0,2521.0,253.0,319.0,1776.0,2348.0,2606.0,2795.0,2372.0,2455.0,1996.0,4899.0,Yala,2021.0,False
GAMPAHA,1811.0,2777.0,5366.0,9954.0,1114.0,2442.0,4936.0,8492.0,3389.0,3118.0,2838.0,2991.0,7218.0,21588.0,Yala,2021.0,False
KALUTARA,163.0,1408.0,8195.0,9766.0,162.0,1360.0,7907.0,9429.0,2012.0,2696.0,3130.0,3048.0,8698.0,26515.0,Yala,2021.0,False
KANDY,3936.0,3124.0,2218.0,9278.0,3934.0,3109.0,2213.0,9256.0,2579.0,3077.0,3411.0,2945.0,7320.0,21559.0,Yala,2021.0,False
MATALE,7001.0,4486.0,856.0,12343.0,6997.0,4473.0,855.0,12325.0,5102.0,4063.0,3860.0,4639.0,11084.0,51415.0,Yala,2021.0,False
NUWARAELIYA,490.0,2082.0,1.0,2573.0,490.0,2082.0,1.0,2573.0,4658.0,3745.0,0.0,3917.0,1450.0,5680.0,Yala,2021.0,False
GALLE,100.0,989.0,7459.0,8548.0,97.0,953.0,7276.0,8326.0,2734.0,1894.0,3030.0,2897.0,6515.0,18873.0,Yala,2021.0,False
MATARA,4316.0,3316.0,6450.0,14082.0,4218.0,3250.0,6394.0,13862.0,3977.0,3869.0,3489.0,3727.0,10944.0,40787.0,Yala,2021.0,False
HAMBANTOTA,28735.0,4662.0,1093.0,34490.0,28735.0,4662.0,1093.0,34490.0,6051.0,4902.0,3464.0,5814.0,30134.0,175190.0,Yala,2021.0,False
JAFFNA,0.0,0.0,0.0,0.0,0.0,0.0,0.0,0.0,0.0,0.0,0.0,0.0,0.0,0.0,Yala,2021.0,False
MANNAR,2210.0,530.0,0.0,2740.0,2210.0,522.0,0.0,2732.0,5182.0,3864.0,0.0,4931.0,2608.0,12860.0,Yala,2021.0,False
VAVUNIYA,2136.0,2876.0,0.0,5012.0,2136.0,2866.0,0.0,5002.0,5381.0,5829.0,0.0,5638.0,4719.0,26606.0,Yala,2021.0,False
MULATIVU,5875.0,1508.0,0.0,7383.0,5875.0,1508.0,0.0,7383.0,5322.0,5152.0,0.0,5287.0,6966.0,36832.0,Yala,2021.0,False
KILLINOCHCHI,9961.0,110.0,0.0,10071.0,9961.0,110.0,0.0,10071.0,4634.0,3308.0,0.0,4620.0,8937.0,41288.0,Yala,2021.0,False
BATTICALOA,22103.0,4401.0,1998.0,28502.0,22103.0,4401.0,1998.0,28502.0,4591.0,4709.0,5388.0,4665.0,25156.0,117353.0,Yala,2021.0,False
AMPARA,59755.0,2468.0,637.0,62860.0,59682.0,2468.0,626.0,62776.0,5247.0,4785.0,5277.0,5229.0,59995.0,313708.0,Yala,2021.0,False
TRINCOMALEE,20223.0,4501.0,515.0,25239.0,20223.0,4501.0,515.0,25239.0,5257.0,5306.0,5311.0,5267.0,23447.0,123491.0,Yala,2021.0,False
KURUNEGALA,15650.0,31749.0,21174.0,68573.0,15601.0,31442.0,20945.0,67988.0,4667.0,3897.0,3736.0,4024.0,67988.0,273572.0,Yala,2021.0,False
PUTTALAM,8194.0,9200.0,1208.0,18602.0,7808.0,8568.0,1115.0,17491.0,4474.0,3554.0,3326.0,3950.0,14868.0,58728.0,Yala,2021.0,False
ANURADHAPURA,40880.0,20703.0,521.0,62104.0,40870.0,20626.0,521.0,62017.0,4789.0,4546.0,2765.0,4691.0,49868.0,233948.0,Yala,2021.0,False
POLONNARUWA,56994.0,5632.0,0.0,62626.0,56994.0,5405.0,0.0,62399.0,5483.0,4995.0,0.0,5441.0,55199.0,300317.0,Yala,2021.0,False
BADULLA,7855.0,4186.0,57.0,12098.0,7855.0,4186.0,57.0,12098.0,4996.0,5260.0,5135.0,5088.0,10284.0,52327.0,Yala,2021.0,False
MONARAGALA,7972.0,7090.0,790.0,15852.0,7959.0,7018.0,782.0,15759.0,6096.0,4060.0,2965.0,5034.0,15444.0,77752.0,Yala,2021.0,False
RATNAPURA,4023.0,4916.0,1834.0,10773.0,4017.0,4907.0,1819.0,10743.0,4873.0,3808.0,3296.0,4119.0,9131.0,37617.0,Yala,2021.0,False
KEGALLE,0.0,1466.0,4011.0,5477.0,0.0,1463.0,3997.0,5460.0,0.0,3197.0,2915.0,2991.0,5115.0,15297.0,Yala,2021.0,False
SRI LANKA,310669.0,124507.0,66291.0,501467.0,309294.0,122641.0,64826.0,496761.0,4526.0,4018.0,3650.0,4309.0,445084.0,2088202.0,Yala,2021.0,True
COLOMBO,388.0,638.0,3189.0,4215.0,388.0,637.0,3186.0,4211.0,2947.0,2699.0,2875.0,2855.0,3580.0,10222.0,Maha,2022.0,False
GAMPAHA,1859.0,2144.0,8345.0,12348.0,1847.0,2127.0,8275.0,12249.0,3705.0,3516.0,3380.0,3453.0,10411.0,35911.0,Maha,2022.0,False
KALUTARA,140.0,1428.0,11580.0,13148.0,139.0,1417.0,11515.0,13071.0,2554.0,2600.0,2753.0,2735.0,12058.0,32973.0,Maha,2022.0,False
KANDY,4360.0,5673.0,3145.0,13178.0,4360.0,5669.0,3143.0,13172.0,3987.0,3629.0,3052.0,3610.0,10417.0,37603.0,Maha,2022.0,False
MATALE,7657.0,8197.0,4420.0,20274.0,7657.0,8190.0,4416.0,20263.0,4134.0,4391.0,4042.0,4218.0,18223.0,76864.0,Maha,2022.0,False
NUWARAELIYA,877.0,4066.0,17.0,4960.0,877.0,4059.0,17.0,4953.0,3767.0,3935.0,3858.0,3905.0,2791.0,10898.0,Maha,2022.0,False
GALLE,0.0,223.0,12096.0,12319.0,0.0,215.0,11795.0,12010.0,0.0,2547.0,2532.0,2532.0,9400.0,23803.0,Maha,2022.0,False
MATARA,3825.0,4239.0,6503.0,14567.0,3779.0,4199.0,6485.0,14463.0,3765.0,3688.0,3014.0,3406.0,11418.0,38884.0,Maha,2022.0,False
HAMBANTOTA,30406.0,5649.0,1292.0,37347.0,30390.0,5607.0,1292.0,37289.0,5754.0,4364.0,3524.0,5468.0,32579.0,178137.0,Maha,2022.0,False
JAFFNA,0.0,0.0,11408.0,11408.0,0.0,0.0,11261.0,11261.0,0.0,0.0,2889.0,2889.0,9993.0,28869.0,Maha,2022.0,False
MANNAR,15196.0,6477.0,444.0,22117.0,15193.0,6476.0,444.0,22113.0,3802.0,2972.0,746.0,3497.0,21113.0,73839.0,Maha,2022.0,False
VAVUNIYA,4792.0,14342.0,4369.0,23503.0,4779.0,14059.0,4171.0,23009.0,3405.0,2745.0,2626.0,2861.0,21710.0,62101.0,Maha,2022.0,False
MULATIVU,8772.0,5335.0,11545.0,25652.0,8772.0,5335.0,11545.0,25652.0,3537.0,3226.0,2824.0,3152.0,24203.0,76274.0,Maha,2022.0,False
KILLINOCHCHI,11880.0,425.0,15578.0,27883.0,11880.0,425.0,15207.0,27512.0,3387.0,3261.0,3157.0,3258.0,24414.0,79545.0,Maha,2022.0,False
BATTICALOA,30212.0,4014.0,37207.0,71433.0,30212.0,4014.0,37207.0,71433.0,3800.0,3220.0,2494.0,3088.0,63047.0,194671.0,Maha,2022.0,False
AMPARA,60740.0,3796.0,16017.0,80553.0,60720.0,3457.0,15709.0,79886.0,4487.0,3878.0,3018.0,4172.0,76347.0,318517.0,Maha,2022.0,False
TRINCOMALEE,24819.0,10084.0,13700.0,48603.0,24809.0,10065.0,13700.0,48574.0,3684.0,2686.0,2483.0,3138.0,45126.0,141623.0,Maha,2022.0,False
KURUNEGALA,17552.0,34443.0,26258.0,78253.0,17523.0,34276.0,26058.0,77857.0,4391.0,3568.0,3588.0,3760.0,77857.0,292723.0,Maha,2022.0,False
PUTTALAM,6683.0,10406.0,2280.0,19369.0,6595.0,10245.0,2193.0,19033.0,4145.0,3305.0,3077.0,3570.0,16178.0,57756.0,Maha,2022.0,False
ANURADHAPURA,55236.0,47959.0,15623.0,118818.0,55089.0,47181.0,15087.0,117357.0,4730.0,3240.0,2539.0,3849.0,94367.0,363239.0,Maha,2022.0,False
POLONNARUWA,58842.0,7768.0,2877.0,69487.0,58842.0,7737.0,2870.0,69449.0,4383.0,4935.0,3696.0,4416.0,61434.0,271313.0,Maha,2022.0,False
BADULLA,10718.0,10022.0,5026.0,25766.0,10718.0,10007.0,5026.0,25751.0,3677.0,4051.0,2855.0,3662.0,21889.0,80152.0,Maha,2022.0,False
MONARAGALA,9454.0,11767.0,14407.0,35628.0,9446.0,11741.0,14386.0,35573.0,4913.0,4429.0,3058.0,4003.0,34861.0,139548.0,Maha,2022.0,False
RATNAPURA,4683.0,6687.0,3271.0,14641.0,4683.0,6662.0,3253.0,14598.0,5292.0,3262.0,2578.0,3761.0,12409.0,46666.0,Maha,2022.0,False
KEGALLE,0.0,742.0,6389.0,7131.0,0.0,741.0,6386.0,7127.0,0.0,3674.0,3571.0,3581.0,6676.0,23909.0,Maha,2022.0,False
SRI LANKA,369091.0,206524.0,236986.0,812601.0,368698.0,204541.0,234627.0,807866.0,4011.0,3493.0,2969.0,3554.0,722501.0,2696040.0,Maha,2022.0,True
COLOMBO,287.0,382.0,2211.0,2880.0,287.0,382.0,2211.0,2880.0,3114.0,2187.0,2093.0,2207.0,2448.0,5412.0,Yala,2022.0,False
GAMPAHA,1744.0,2891.0,5215.0,9850.0,1744.0,2887.0,5205.0,9836.0,2604.0,2681.0,2352.0,2493.0,8360.0,20844.0,Yala,2022.0,False
KALUTARA,136.0,1505.0,9124.0,10765.0,136.0,1502.0,9023.0,10661.0,3618.0,2593.0,2267.0,2330.0,9834.0,22915.0,Yala,2022.0,False
KANDY,4135.0,3437.0,2518.0,10090.0,4135.0,3437.0,2517.0,10089.0,3469.0,3188.0,2881.0,3227.0,7978.0,25743.0,Yala,2022.0,False
MATALE,6525.0,5064.0,1127.0,12716.0,6520.0,5045.0,1118.0,12683.0,2723.0,2904.0,2419.0,2768.0,11406.0,31577.0,Yala,2022.0,False
NUWARAELIYA,638.0,2233.0,2.0,2873.0,638.0,2231.0,2.0,2871.0,4310.0,3530.0,4022.0,3704.0,1618.0,5993.0,Yala,2022.0,False
GALLE,203.0,1685.0,8727.0,10615.0,202.0,1654.0,8566.0,10422.0,2077.0,2039.0,2227.0,2194.0,8155.0,17896.0,Yala,2022.0,False
MATARA,4021.0,3165.0,6135.0,13321.0,3811.0,3143.0,6118.0,13072.0,2984.0,2502.0,2690.0,2730.0,10320.0,28178.0,Yala,2022.0,False
HAMBANTOTA,28270.0,3927.0,834.0,33031.0,28250.0,3920.0,833.0,33003.0,4833.0,3523.0,2252.0,4612.0,28834.0,132995.0,Yala,2022.0,False
JAFFNA,0.0,0.0,0.0,0.0,0.0,0.0,0.0,0.0,0.0,0.0,0.0,0.0,0.0,0.0,Yala,2022.0,False
MANNAR,1845.0,430.0,0.0,2275.0,1844.0,430.0,0.0,2274.0,3575.0,2781.0,0.0,3425.0,2171.0,7435.0,Yala,2022.0,False
VAVUNIYA,2416.0,3069.0,0.0,5485.0,2409.0,3047.0,0.0,5456.0,4563.0,4215.0,0.0,4368.0,5147.0,22485.0,Yala,2022.0,False
MULATIVU,5008.0,1883.0,0.0,6891.0,5008.0,1883.0,0.0,6891.0,3358.0,4092.0,0.0,3558.0,6501.0,23132.0,Yala,2022.0,False
KILLINOCHCHI,10258.0,75.0,0.0,10333.0,10258.0,70.0,0.0,10328.0,2951.0,2038.0,0.0,2945.0,9164.0,26985.0,Yala,2022.0,False
BATTICALOA,22260.0,4438.0,1998.0,28696.0,22260.0,4438.0,1998.0,28696.0,2970.0,2974.0,2672.0,2950.0,25327.0,74720.0,Yala,2022.0,False
AMPARA,60016.0,2299.0,371.0,62686.0,60002.0,2273.0,369.0,62644.0,3746.0,2887.0,2602.0,3708.0,59869.0,221999.0,Yala,2022.0,False
TRINCOMALEE,19599.0,4443.0,449.0,24491.0,19599.0,4443.0,449.0,24491.0,4143.0,3441.0,4723.0,4026.0,22752.0,91605.0,Yala,2022.0,False
KURUNEGALA,14206.0,22765.0,19859.0,56830.0,14193.0,22660.0,19728.0,56581.0,2827.0,2835.0,2669.0,2775.0,56580.0,157003.0,Yala,2022.0,False
PUTTALAM,5939.0,6543.0,926.0,13408.0,5930.0,6462.0,916.0,13308.0,3232.0,2351.0,2515.0,2755.0,11312.0,31158.0,Yala,2022.0,False
ANURADHAPURA,37267.0,22127.0,524.0,59918.0,37249.0,22071.0,512.0,59832.0,3375.0,3073.0,1628.0,3248.0,48111.0,156283.0,Yala,2022.0,False
POLONNARUWA,53098.0,5538.0,0.0,58636.0,53095.0,5536.0,0.0,58631.0,4306.0,4123.0,0.0,4288.0,51865.0,222414.0,Yala,2022.0,False
BADULLA,7676.0,4888.0,30.0,12594.0,7676.0,4887.0,30.0,12593.0,3190.0,3598.0,3661.0,3349.0,10704.0,35851.0,Yala,2022.0,False
MONARAGALA,7809.0,6775.0,987.0,15571.0,7797.0,6691.0,949.0,15437.0,4060.0,3022.0,868.0,3414.0,15129.0,51654.0,Yala,2022.0,False
RATNAPURA,4163.0,5307.0,2140.0,11610.0,4142.0,5270.0,2110.0,11522.0,4341.0,2960.0,2411.0,3356.0,9793.0,32865.0,Yala,2022.0,False
KEGALLE,0.0,1719.0,4385.0,6104.0,0.0,1713.0,4375.0,6088.0,0.0,2562.0,2542.0,2548.0,5704.0,14533.0,Yala,2022.0,False
SRI LANKA,297519.0,116588.0,67562.0,481669.0,297185.0,116075.0,67029.0,480289.0,3494.0,3004.0,2605.0,3207.0,429082.0,1461675.0,Yala,2022.0,True
COLOMBO,321.0,646.0,2690.0,3657.0,321.0,638.0,2689.0,3648.0,3517.0,3318.0,3408.0,3402.0,3100.0,10547.0,Maha,2023.0,False
GAMPAHA,1557.0,1673.0,7404.0,10634.0,1517.0,1614.0,7275.0,10406.0,2896.0,2839.0,3285.0,3159.0,8845.0,27942.0,Maha,2023.0,False
KALUTARA,78.0,1462.0,10007.0,11547.0,75.0,1461.0,9957.0,11493.0,2507.0,2790.0,3071.0,3032.0,10603.0,32142.0,Maha,2023.0,False
KANDY,4365.0,5472.0,2984.0,12821.0,4365.0,5470.0,2983.0,12818.0,4745.0,3513.0,3098.0,3836.0,10137.0,38881.0,Maha,2023.0,False
MATALE,7365.0,7113.0,4398.0,18876.0,7332.0,7106.0,4358.0,18796.0,4713.0,4160.0,3975.0,4333.0,16903.0,73239.0,Maha,2023.0,False
NUWARAELIYA,709.0,3805.0,13.0,4527.0,709.0,3802.0,13.0,4524.0,4388.0,4212.0,3785.0,4238.0,2549.0,10804.0,Maha,2023.0,False
GALLE,0.0,122.0,6892.0,7014.0,0.0,122.0,6701.0,6823.0,0.0,2341.0,3004.0,2993.0,5340.0,15980.0,Maha,2023.0,False
MATARA,2537.0,2731.0,5108.0,10376.0,2448.0,2691.0,5062.0,10201.0,3395.0,3014.0,3119.0,3158.0,8054.0,25432.0,Maha,2023.0,False
HAMBANTOTA,29547.0,5764.0,1216.0,36527.0,29174.0,5593.0,1191.0,35958.0,6005.0,4464.0,3052.0,5668.0,31417.0,178053.0,Maha,2023.0,False
JAFFNA,0.0,0.0,11362.0,11362.0,0.0,0.0,11340.0,11340.0,0.0,0.0,2691.0,2691.0,10063.0,27081.0,Maha,2023.0,False
MANNAR,19739.0,7763.0,480.0,27982.0,19739.0,7763.0,480.0,27982.0,4580.0,3847.0,1708.0,4327.0,26717.0,115602.0,Maha,2023.0,False
VAVUNIYA,4736.0,14332.0,4344.0,23412.0,4655.0,13956.0,4175.0,22786.0,4242.0,3866.0,3510.0,3878.0,21498.0,83359.0,Maha,2023.0,False
MULATIVU,8952.0,5460.0,11230.0,25642.0,8450.0,5188.0,9436.0,23074.0,3387.0,3393.0,2458.0,3009.0,21771.0,65506.0,Maha,2023.0,False
KILLINOCHCHI,11880.0,425.0,15556.0,27861.0,11839.0,425.0,15553.0,27817.0,2035.0,2203.0,1977.0,2005.0,24684.0,49494.0,Maha,2023.0,False
BATTICALOA,30219.0,4142.0,37178.0,71539.0,26347.0,3806.0,36838.0,66991.0,2434.0,2491.0,2385.0,2410.0,59127.0,142522.0,Maha,2023.0,False
AMPARA,61229.0,4118.0,16026.0,81373.0,53088.0,3352.0,14605.0,71045.0,4327.0,2573.0,2811.0,3933.0,67898.0,267017.0,Maha,2023.0,False
TRINCOMALEE,24685.0,9982.0,13816.0,48483.0,24685.0,9982.0,13816.0,48483.0,4152.0,2765.0,2548.0,3409.0,45040.0,153558.0,Maha,2023.0,False
KURUNEGALA,16000.0,34066.0,25241.0,75307.0,15950.0,33754.0,24978.0,74682.0,4141.0,3429.0,3461.0,3592.0,74682.0,268234.0,Maha,2023.0,False
PUTTALAM,8065.0,10515.0,2072.0,20652.0,7482.0,10031.0,1987.0,19500.0,4240.0,3575.0,3700.0,3843.0,16576.0,63699.0,Maha,2023.0,False
ANURADHAPURA,55880.0,52816.0,16805.0,125501.0,55807.0,52690.0,16774.0,125271.0,5388.0,4151.0,3666.0,4637.0,100730.0,467075.0,Maha,2023.0,False
POLONNARUWA,59222.0,7816.0,2945.0,69983.0,59196.0,7702.0,2945.0,69843.0,4822.0,4023.0,3937.0,4697.0,61783.0,290191.0,Maha,2023.0,False
BADULLA,10914.0,9936.0,5206.0,26056.0,10914.0,9935.0,5204.0,26053.0,4486.0,4820.0,3891.0,4494.0,22145.0,99528.0,Maha,2023.0,False
MONARAGALA,9375.0,11689.0,15421.0,36485.0,9370.0,11686.0,15419.0,36475.0,4871.0,4385.0,3515.0,4142.0,35745.0,148069.0,Maha,2023.0,False
RATNAPURA,4486.0,5799.0,2645.0,12930.0,4485.0,5787.0,2636.0,12908.0,6144.0,3416.0,3109.0,4301.0,10971.0,47224.0,Maha,2023.0,False
KEGALLE,0.0,679.0,5447.0,6126.0,0.0,679.0,5446.0,6125.0,0.0,3808.0,3598.0,3622.0,5737.0,20779.0,Maha,2023.0,False
SRI LANKA,371861.0,208326.0,226486.0,806673.0,357948.0,205233.0,221861.0,785042.0,4155.0,3475.0,3150.0,3712.0,702115.0,2721958.0,Maha,2023.0,True
COLOMBO,210.0,278.0,1730.0,2218.0,208.0,278.0,1729.0,2215.0,2133.0,2542.0,2372.0,2371.0,1883.0,4464.0,Yala,2023.0,False
GAMPAHA,1570.0,1481.0,5609.0,8660.0,1454.0,1474.0,5539.0,8467.0,2370.0,3242.0,2424.0,2557.0,7197.0,18401.0,Yala,2023.0,False
KALUTARA,112.0,1090.0,7930.0,9132.0,112.0,1090.0,7913.0,9115.0,3122.0,2946.0,2415.0,2487.0,8408.0,20913.0,Yala,2023.0,False
KANDY,4196.0,3296.0,2408.0,9900.0,4196.0,3266.0,2399.0,9861.0,4811.0,2846.0,3172.0,3762.0,7798.0,29335.0,Yala,2023.0,False
MATALE,6820.0,4124.0,813.0,11757.0,6771.0,4039.0,756.0,11566.0,4293.0,3716.0,2527.0,3976.0,10402.0,41359.0,Yala,2023.0,False
NUWARAELIYA,520.0,1916.0,3.0,2439.0,520.0,1913.0,3.0,2436.0,4177.0,4104.0,3694.0,4119.0,1372.0,5653.0,Yala,2023.0,False
GALLE,0.0,127.0,5556.0,5683.0,0.0,80.0,4944.0,5024.0,0.0,2328.0,2167.0,2169.0,3931.0,8527.0,Yala,2023.0,False
MATARA,3469.0,3941.0,5562.0,12972.0,2201.0,2697.0,4811.0,9709.0,3573.0,2930.0,2775.0,2999.0,7666.0,22989.0,Yala,2023.0,False
HAMBANTOTA,29254.0,4558.0,1135.0,34947.0,27781.0,4128.0,1011.0,32920.0,5289.0,4253.0,2938.0,5087.0,28762.0,146310.0,Yala,2023.0,False
JAFFNA,0.0,0.0,0.0,0.0,0.0,0.0,0.0,0.0,0.0,0.0,0.0,0.0,0.0,0.0,Yala,2023.0,False
MANNAR,1983.0,391.0,0.0,2374.0,1982.0,387.0,0.0,2369.0,5045.0,3704.0,0.0,4826.0,2262.0,10918.0,Yala,2023.0,False
VAVUNIYA,2063.0,3640.0,0.0,5703.0,2036.0,3494.0,0.0,5530.0,4068.0,4074.0,0.0,4071.0,5218.0,21243.0,Yala,2023.0,False
MULATIVU,4203.0,1549.0,0.0,5752.0,4203.0,1549.0,0.0,5752.0,4428.0,4389.0,0.0,4418.0,5427.0,23973.0,Yala,2023.0,False
KILLINOCHCHI,6807.0,75.0,0.0,6882.0,6807.0,75.0,0.0,6882.0,3999.0,3010.0,0.0,3988.0,6107.0,24355.0,Yala,2023.0,False
BATTICALOA,29078.0,4418.0,70.0,33566.0,29078.0,4418.0,70.0,33566.0,3580.0,3401.0,3549.0,3557.0,29625.0,105366.0,Yala,2023.0,False
AMPARA,60510.0,2308.0,366.0,63184.0,60506.0,2304.0,366.0,63176.0,4358.0,3986.0,3251.0,4338.0,60377.0,261938.0,Yala,2023.0,False
TRINCOMALEE,23787.0,4726.0,136.0,28649.0,23787.0,4726.0,136.0,28649.0,4979.0,3757.0,3577.0,4771.0,26615.0,126977.0,Yala,2023.0,False
KURUNEGALA,15199.0,28892.0,21197.0,65288.0,14993.0,26925.0,17933.0,59851.0,4237.0,3301.0,3004.0,3447.0,59851.0,206292.0,Yala,2023.0,False
PUTTALAM,8189.0,8341.0,1142.0,17672.0,8180.0,8049.0,1041.0,17270.0,4180.0,3443.0,3730.0,3810.0,14680.0,55932.0,Yala,2023.0,False
ANURADHAPURA,43099.0,22007.0,418.0,65524.0,42888.0,21549.0,415.0,64852.0,4563.0,3790.0,3969.0,4302.0,52148.0,224321.0,Yala,2023.0,False
POLONNARUWA,58149.0,7852.0,32.0,66033.0,58147.0,7811.0,32.0,65990.0,4986.0,4421.0,3686.0,4918.0,58375.0,287105.0,Yala,2023.0,False
BADULLA,8251.0,4785.0,163.0,13199.0,8251.0,4762.0,163.0,13176.0,4592.0,4491.0,4451.0,4554.0,11200.0,51003.0,Yala,2023.0,False
MONARAGALA,8277.0,6787.0,1497.0,16561.0,8274.0,6737.0,1479.0,16490.0,4455.0,3823.0,2555.0,4026.0,16160.0,65066.0,Yala,2023.0,False
RATNAPURA,4430.0,4584.0,1473.0,10487.0,4397.0,4564.0,1463.0,10424.0,5661.0,3164.0,3002.0,4195.0,8861.0,37169.0,Yala,2023.0,False
KEGALLE,0.0,690.0,5804.0,6494.0,0.0,690.0,5692.0,6382.0,0.0,3142.0,2954.0,2974.0,5979.0,17782.0,Yala,2023.0,False
SRI LANKA,320176.0,121856.0,63044.0,505076.0,316772.0,117005.0,57895.0,491672.0,4223.0,3533.0,3111.0,3822.0,440304.0,1817391.0,Yala,2023.0,True
